text,label
"Excellent build quality, very happy with this purchase",positive
"Arrived broken, customer service was unhelpful",negative
"Good value for the price",positive
"Stopped working after two weeks",negative
"Best one I've owned, highly recommend",positive
"Complete waste of money",negative
"Does exactly what it says, no complaints",positive
"Terrible packaging, item was damaged",negative
"Love the design and it works perfectly",positive
"Returned it immediately, very disappointing",negative
"Solid product, fast shipping too",positive
"Poor quality materials, feels cheap",negative
"My kids love it, great gift idea",positive
"Would not buy again, overpriced for what you get",negative
"Super easy to set up and use",positive
"Missing parts and no instructions included",negative
"Impressive performance for the price point",positive
"Broke on first use, very frustrating",negative
"Exactly as described, great seller",positive
"Took a month to arrive and it was the wrong item",negative
"Five stars, exceeded expectations",positive
"Cheaply made, not worth the hype",negative
"Perfect replacement for my old one",positive
"Defective unit, had to return twice",negative
